{
  "v": "5.5.7",
  "meta": { "g": "LottieFiles AE 0.1.20", "a": "", "k": "", "d": "", "tc": "" },
  "fr": 60,
  "ip": 0,
  "op": 180,
  "w": 1920,
  "h": 1080,
  "nm": "Fireworks",
  "ddd": 0,
  "assets": [],
  "layers": [
    {
      "ddd": 0,
      "ind": 1,
      "ty": 4,
      "nm": "Particle 1",
      "sr": 1,
      "ks": {
        "o": {
          "a": 1,
          "k": [
            { "i": { "x": [0.833], "y": [0.833] }, "o": { "x": [0.167], "y": [0.167] }, "t": 0, "s": [0] },
            { "i": { "x": [0.833], "y": [0.833] }, "o": { "x": [0.167], "y": [0.167] }, "t": 30, "s": [100] },
            { "t": 120, "s": [0] }
          ],
          "ix": 11
        },
        "r": { "a": 0, "k": 0, "ix": 10 },
        "p": { "a": 0, "k": [960, 540, 0], "ix": 2 },
        "a": { "a": 0, "k": [0, 0, 0], "ix": 1 },
        "s": { "a": 0, "k": [100, 100, 100], "ix": 6 }
      },
      "ao": 0,
      "shapes": [
        {
          "ty": "gr",
          "it": [
            {
              "d": 1,
              "ty": "el",
              "s": { "a": 0, "k": [20, 20], "ix": 2 },
              "p": { "a": 0, "k": [0, 0], "ix": 3 },
              "nm": "Ellipse Path 1",
              "mn": "ADBE Vector Shape - Ellipse",
              "hd": false
            },
            {
              "ty": "fl",
              "c": { "a": 0, "k": [1, 0, 0, 1], "ix": 4 },
              "o": { "a": 0, "k": 100, "ix": 5 },
              "r": 1,
              "bm": 0,
              "nm": "Fill 1",
              "mn": "ADBE Vector Graphic - Fill",
              "hd": false
            },
            {
              "ty": "rp",
              "c": { "a": 0, "k": 12, "ix": 1 },
              "o": { "a": 0, "k": 0, "ix": 2 },
              "m": 1,
              "ix": 3,
              "tr": {
                "ty": "tr",
                "p": { "a": 0, "k": [0, 0], "ix": 2 },
                "a": { "a": 0, "k": [0, 0], "ix": 1 },
                "s": { "a": 0, "k": [100, 100], "ix": 3 },
                "r": { "a": 0, "k": 30, "ix": 4 },
                "so": { "a": 0, "k": 100, "ix": 5 },
                "eo": { "a": 0, "k": 100, "ix": 6 },
                "nm": "Transform"
              },
              "nm": "Repeater 1",
              "mn": "ADBE Vector Filter - Repeater",
              "hd": false
            },
            {
              "ty": "st",
              "c": { "a": 0, "k": [1, 1, 1, 1], "ix": 3 },
              "o": { "a": 0, "k": 100, "ix": 4 },
              "w": { "a": 0, "k": 0, "ix": 5 },
              "lc": 1,
              "lj": 1,
              "ml": 4,
              "bm": 0,
              "nm": "Stroke 1",
              "mn": "ADBE Vector Graphic - Stroke",
              "hd": false
            },
            {
              "ty": "tr",
              "p": {
                "a": 1,
                "k": [
                  {
                    "i": { "x": 0.833, "y": 0.833 },
                    "o": { "x": 0.167, "y": 0.167 },
                    "t": 0,
                    "s": [0, 0],
                    "to": [0, -66.667],
                    "ti": [0, 66.667]
                  },
                  { "t": 120, "s": [0, -400] }
                ],
                "ix": 2
              },
              "a": { "a": 0, "k": [0, 0], "ix": 1 },
              "s": {
                "a": 1,
                "k": [
                  {
                    "i": { "x": [0.833, 0.833], "y": [0.833, 0.833] },
                    "o": { "x": [0.167, 0.167], "y": [0.167, 0.167] },
                    "t": 0,
                    "s": [100, 100]
                  },
                  { "t": 120, "s": [200, 200] }
                ],
                "ix": 3
              },
              "r": { "a": 0, "k": 0, "ix": 6 },
              "o": { "a": 0, "k": 100, "ix": 7 },
              "sk": { "a": 0, "k": 0, "ix": 4 },
              "sa": { "a": 0, "k": 0, "ix": 5 },
              "nm": "Transform"
            }
          ],
          "nm": "Ellipse 1",
          "np": 4,
          "cix": 2,
          "bm": 0,
          "ix": 1,
          "mn": "ADBE Vector Group",
          "hd": false
        }
      ],
      "ip": 0,
      "op": 180,
      "st": 0,
      "bm": 0
    },
    {
      "ddd": 0,
      "ind": 2,
      "ty": 4,
      "nm": "Particle 2",
      "sr": 1,
      "ks": {
        "o": {
          "a": 1,
          "k": [
            { "i": { "x": [0.833], "y": [0.833] }, "o": { "x": [0.167], "y": [0.167] }, "t": 10, "s": [0] },
            { "i": { "x": [0.833], "y": [0.833] }, "o": { "x": [0.167], "y": [0.167] }, "t": 40, "s": [100] },
            { "t": 130, "s": [0] }
          ],
          "ix": 11
        },
        "r": { "a": 0, "k": 0, "ix": 10 },
        "p": { "a": 0, "k": [560, 540, 0], "ix": 2 },
        "a": { "a": 0, "k": [0, 0, 0], "ix": 1 },
        "s": { "a": 0, "k": [100, 100, 100], "ix": 6 }
      },
      "ao": 0,
      "shapes": [
        {
          "ty": "gr",
          "it": [
            {
              "d": 1,
              "ty": "el",
              "s": { "a": 0, "k": [20, 20], "ix": 2 },
              "p": { "a": 0, "k": [0, 0], "ix": 3 },
              "nm": "Ellipse Path 1",
              "mn": "ADBE Vector Shape - Ellipse",
              "hd": false
            },
            {
              "ty": "fl",
              "c": { "a": 0, "k": [0, 1, 0, 1], "ix": 4 },
              "o": { "a": 0, "k": 100, "ix": 5 },
              "r": 1,
              "bm": 0,
              "nm": "Fill 1",
              "mn": "ADBE Vector Graphic - Fill",
              "hd": false
            },
            {
              "ty": "rp",
              "c": { "a": 0, "k": 12, "ix": 1 },
              "o": { "a": 0, "k": 0, "ix": 2 },
              "m": 1,
              "ix": 3,
              "tr": {
                "ty": "tr",
                "p": { "a": 0, "k": [0, 0], "ix": 2 },
                "a": { "a": 0, "k": [0, 0], "ix": 1 },
                "s": { "a": 0, "k": [100, 100], "ix": 3 },
                "r": { "a": 0, "k": 30, "ix": 4 },
                "so": { "a": 0, "k": 100, "ix": 5 },
                "eo": { "a": 0, "k": 100, "ix": 6 },
                "nm": "Transform"
              },
              "nm": "Repeater 1",
              "mn": "ADBE Vector Filter - Repeater",
              "hd": false
            },
            {
              "ty": "st",
              "c": { "a": 0, "k": [1, 1, 1, 1], "ix": 3 },
              "o": { "a": 0, "k": 100, "ix": 4 },
              "w": { "a": 0, "k": 0, "ix": 5 },
              "lc": 1,
              "lj": 1,
              "ml": 4,
              "bm": 0,
              "nm": "Stroke 1",
              "mn": "ADBE Vector Graphic - Stroke",
              "hd": false
            },
            {
              "ty": "tr",
              "p": {
                "a": 1,
                "k": [
                  {
                    "i": { "x": 0.833, "y": 0.833 },
                    "o": { "x": 0.167, "y": 0.167 },
                    "t": 10,
                    "s": [0, 0],
                    "to": [0, -66.667],
                    "ti": [0, 66.667]
                  },
                  { "t": 130, "s": [0, -400] }
                ],
                "ix": 2
              },
              "a": { "a": 0, "k": [0, 0], "ix": 1 },
              "s": {
                "a": 1,
                "k": [
                  {
                    "i": { "x": [0.833, 0.833], "y": [0.833, 0.833] },
                    "o": { "x": [0.167, 0.167], "y": [0.167, 0.167] },
                    "t": 10,
                    "s": [100, 100]
                  },
                  { "t": 130, "s": [200, 200] }
                ],
                "ix": 3
              },
              "r": { "a": 0, "k": 0, "ix": 6 },
              "o": { "a": 0, "k": 100, "ix": 7 },
              "sk": { "a": 0, "k": 0, "ix": 4 },
              "sa": { "a": 0, "k": 0, "ix": 5 },
              "nm": "Transform"
            }
          ],
          "nm": "Ellipse 1",
          "np": 4,
          "cix": 2,
          "bm": 0,
          "ix": 1,
          "mn": "ADBE Vector Group",
          "hd": false
        }
      ],
      "ip": 10,
      "op": 190,
      "st": 10,
      "bm": 0
    },
    {
      "ddd": 0,
      "ind": 3,
      "ty": 4,
      "nm": "Particle 3",
      "sr": 1,
      "ks": {
        "o": {
          "a": 1,
          "k": [
            { "i": { "x": [0.833], "y": [0.833] }, "o": { "x": [0.167], "y": [0.167] }, "t": 20, "s": [0] },
            { "i": { "x": [0.833], "y": [0.833] }, "o": { "x": [0.167], "y": [0.167] }, "t": 50, "s": [100] },
            { "t": 140, "s": [0] }
          ],
          "ix": 11
        },
        "r": { "a": 0, "k": 0, "ix": 10 },
        "p": { "a": 0, "k": [1260, 540, 0], "ix": 2 },
        "a": { "a": 0, "k": [0, 0, 0], "ix": 1 },
        "s": { "a": 0, "k": [100, 100, 100], "ix": 6 }
      },
      "ao": 0,
      "shapes": [
        {
          "ty": "gr",
          "it": [
            {
              "d": 1,
              "ty": "el",
              "s": { "a": 0, "k": [20, 20], "ix": 2 },
              "p": { "a": 0, "k": [0, 0], "ix": 3 },
              "nm": "Ellipse Path 1",
              "mn": "ADBE Vector Shape - Ellipse",
              "hd": false
            },
            {
              "ty": "fl",
              "c": { "a": 0, "k": [0, 0, 1, 1], "ix": 4 },
              "o": { "a": 0, "k": 100, "ix": 5 },
              "r": 1,
              "bm": 0,
              "nm": "Fill 1",
              "mn": "ADBE Vector Graphic - Fill",
              "hd": false
            },
            {
              "ty": "rp",
              "c": { "a": 0, "k": 12, "ix": 1 },
              "o": { "a": 0, "k": 0, "ix": 2 },
              "m": 1,
              "ix": 3,
              "tr": {
                "ty": "tr",
                "p": { "a": 0, "k": [0, 0], "ix": 2 },
                "a": { "a": 0, "k": [0, 0], "ix": 1 },
                "s": { "a": 0, "k": [100, 100], "ix": 3 },
                "r": { "a": 0, "k": 30, "ix": 4 },
                "so": { "a": 0, "k": 100, "ix": 5 },
                "eo": { "a": 0, "k": 100, "ix": 6 },
                "nm": "Transform"
              },
              "nm": "Repeater 1",
              "mn": "ADBE Vector Filter - Repeater",
              "hd": false
            },
            {
              "ty": "st",
              "c": { "a": 0, "k": [1, 1, 1, 1], "ix": 3 },
              "o": { "a": 0, "k": 100, "ix": 4 },
              "w": { "a": 0, "k": 0, "ix": 5 },
              "lc": 1,
              "lj": 1,
              "ml": 4,
              "bm": 0,
              "nm": "Stroke 1",
              "mn": "ADBE Vector Graphic - Stroke",
              "hd": false
            },
            {
              "ty": "tr",
              "p": {
                "a": 1,
                "k": [
                  {
                    "i": { "x": 0.833, "y": 0.833 },
                    "o": { "x": 0.167, "y": 0.167 },
                    "t": 20,
                    "s": [0, 0],
                    "to": [0, -66.667],
                    "ti": [0, 66.667]
                  },
                  { "t": 140, "s": [0, -400] }
                ],
                "ix": 2
              },
              "a": { "a": 0, "k": [0, 0], "ix": 1 },
              "s": {
                "a": 1,
                "k": [
                  {
                    "i": { "x": [0.833, 0.833], "y": [0.833, 0.833] },
                    "o": { "x": [0.167, 0.167], "y": [0.167, 0.167] },
                    "t": 20,
                    "s": [100, 100]
                  },
                  { "t": 140, "s": [200, 200] }
                ],
                "ix": 3
              },
              "r": { "a": 0, "k": 0, "ix": 6 },
              "o": { "a": 0, "k": 100, "ix": 7 },
              "sk": { "a": 0, "k": 0, "ix": 4 },
              "sa": { "a": 0, "k": 0, "ix": 5 },
              "nm": "Transform"
            }
          ],
          "nm": "Ellipse 1",
          "np": 4,
          "cix": 2,
          "bm": 0,
          "ix": 1,
          "mn": "ADBE Vector Group",
          "hd": false
        }
      ],
      "ip": 20,
      "op": 200,
      "st": 20,
      "bm": 0
    }
  ],
  "markers": []
}